<?xml version="1.1" encoding="UTF-8"?>
<databaseChangeLog
        xmlns="http://www.liquibase.org/xml/ns/dbchangelog"
        xmlns:xsi="http://www.w3.org/2001/XMLSchema-instance"
        xsi:schemaLocation="
        http://www.liquibase.org/xml/ns/dbchangelog
        http://www.liquibase.org/xml/ns/dbchangelog/dbchangelog-3.0.xsd">
    <changeSet author="Рустам" id="1672956681136-1">
        <createTable remarks="банковский счёт" tableName="account_details">
            <column autoIncrement="true" name="id" remarks="технический идентификатор" type="BIGINT">
                <constraints nullable="false" primaryKey="true" primaryKeyName="account_details_pkey"/>
            </column>
            <column name="passport_id" remarks="технический идентификатор паспорта" type="BIGINT">
                <constraints nullable="false"/>
            </column>
            <column name="account_number" remarks="номер счёта" type="BIGINT">
                <constraints nullable="false"/>
            </column>
            <column name="bank_details_id" remarks="технический идентификатор на реквизиты банка" type="BIGINT">
                <constraints nullable="false"/>
            </column>
            <column name="money" remarks="деньги, которые лежат на счёте" type="numeric(20, 2)">
                <constraints nullable="false"/>
            </column>
            <column name="negative_balance" remarks="есть ли минус на счёте" type="BOOLEAN">
                <constraints nullable="false"/>
            </column>
            <column name="profile_id" remarks="технический идентификатор профиля" type="BIGINT">
                <constraints nullable="false"/>
            </column>
        </createTable>
    </changeSet>
    <changeSet author="Рустам" id="1672956681136-2">
        <createTable remarks="аудит" tableName="audit">
            <column autoIncrement="true" name="id" remarks="технический идентификатор" type="BIGINT">
                <constraints nullable="false" primaryKey="true" primaryKeyName="audit_pkey"/>
            </column>
            <column name="entity_type" remarks="тип сущности" type="VARCHAR(40)">
                <constraints nullable="false"/>
            </column>
            <column name="operation_type" remarks="тип операции" type="VARCHAR(255)">
                <constraints nullable="false"/>
            </column>
            <column name="created_by" remarks="кто создал" type="VARCHAR(255)">
                <constraints nullable="false"/>
            </column>
            <column name="modified_by" remarks="кто изменил" type="VARCHAR(255)"/>
            <column name="created_at" remarks="когда создан" type="TIMESTAMP WITH TIME ZONE">
                <constraints nullable="false"/>
            </column>
            <column name="modified_at" remarks="когда изменен" type="TIMESTAMP WITH TIME ZONE"/>
            <column name="new_entity_json" remarks="json, заполняется при изменении" type="TEXT"/>
            <column name="entity_json" remarks="json, заполняется при изменение и при сохранении" type="TEXT">
                <constraints nullable="false"/>
            </column>
        </createTable>
    </changeSet>
    <changeSet author="Рустам" id="1672956681136-3">
        <addUniqueConstraint columnNames="account_number" constraintName="account_details_account_number_key" tableName="account_details"/>
    </changeSet>
    <changeSet author="Рустам" id="1672956681136-4">
        <addUniqueConstraint columnNames="bank_details_id" constraintName="account_details_bank_details_id_key" tableName="account_details"/>
    </changeSet>
</databaseChangeLog>
