<?xml version="1.1" encoding="UTF-8"?>
<databaseChangeLog
        xmlns="http://www.liquibase.org/xml/ns/dbchangelog"
        xmlns:xsi="http://www.w3.org/2001/XMLSchema-instance"
        xsi:schemaLocation="
        http://www.liquibase.org/xml/ns/dbchangelog
        http://www.liquibase.org/xml/ns/dbchangelog/dbchangelog-3.0.xsd">
    <changeSet author="Рустам" id="1672956926837-1">
        <createTable remarks="история" tableName="history">
            <column autoIncrement="true" name="id" remarks="технический идентификатор" type="BIGINT">
                <constraints nullable="false" primaryKey="true" primaryKeyName="history_pkey"/>
            </column>
            <column name="transfer_audit_id" remarks="аудит переводов" type="BIGINT"/>
            <column name="profile_audit_id" remarks="аудит профилей" type="BIGINT"/>
            <column name="account_audit_id" remarks="аудит банковского счёта" type="BIGINT"/>
            <column name="anti_fraud_audit_id" remarks="аудит антифрода" type="BIGINT"/>
            <column name="public_bank_info_audit_id" remarks="аудит открытой информации о банке" type="BIGINT"/>
            <column name="authorization_audit_id" remarks="аудит авторизации" type="BIGINT"/>
        </createTable>
    </changeSet>
</databaseChangeLog>
